BEGIN;

INSERT INTO public.users (id, email, password, type)
VALUES
(1, 'pizzahut@email.com', '$2a$12$0qTlPbtXUP9yDz3V7i0ehuX1/0OMlmwVYDAoV1OMsZjE.VqKxzCuq', 'RESTAURANT'),
(2, 'burgerking@email.com', '$2a$12$8N10H/WXHZM8UGef/y8l.eXn9eqjKnKxLfkt7V18QLMi/hGpjsn3G', 'RESTAURANT'),
(3, 'subway@email.com', '$2a$12$BQF9ML8XGvH3gXYuVIBbg.xc2Ne07G/43xhTzZtKHgIDGi82aOPqK', 'RESTAURANT'),
(4, 'mcdonalds@email.com', '$2a$12$3c8VjmFItcNht1O50IQ6v.SDwFxj4g.k/W3k0ZYdrRva0OvfJzZZq', 'RESTAURANT'),
(5, 'starbucks@email.com', '$2a$12$FcV7P.eZpOBixn36zD/7fBcsTbs7UN57xNJ9LgU9iUKdVRfaAz0r2', 'RESTAURANT');

INSERT INTO public.restaurants (id, user_id, name, image, postal_code, address_line_1, address_line_2, city, state, country, delivery_price, delivery_radius, phone_number)
VALUES
(1, 1, 'Pizza Hut', 'https://static.ifood-static.com.br/image/upload/t_thumbnail/logosgde/76733733-fbef-4425-8a66-2478f84d158b/202304281829_GGHF.png', '12345-678', 'Rua das Flores, 123', 'Apto 101', 'São Paulo', 'SP', 'Brasil', 10.50, 5, '(11) 98765-4321'),
(2, 2, 'Burger King', 'https://static.ifood-static.com.br/image/upload/t_medium/logosgde/704285de-5ae7-4051-b872-a2c07ddd514c/202407311914_2SA8.png?imwidth=128', '54321-987', 'Avenida Paulista, 1000', 'Sala 101', 'São Paulo', 'SP', 'Brasil', 8.75, 4, '(11) 99876-5432'),
(3, 3, 'Subway', 'https://static.ifood-static.com.br/image/upload/t_medium/logosgde/765452d5-a017-4459-ac2d-4543edf6950f/202406082154_UG3N.png?imwidth=128', '45678-123', 'Rua das Palmeiras, 500', 'Bloco C', 'Rio de Janeiro', 'RJ', 'Brasil', 7.25, 3, '(21) 98765-4321'),
(4, 4, 'McDonalds', 'https://static.ifood-static.com.br/image/upload/t_medium/logosgde/89075145-172b-4538-be2b-db914b79663c/202408251252_FLJ6.png?imwidth=128', '98765-432', 'Rua da Consolação, 1450', 'Loja 12', 'São Paulo', 'SP', 'Brasil', 6.90, 4.5, '(11) 98123-4567'),
(5, 5, 'Starbucks', 'https://www.starbucks.com.br/public/img/icons/starbucks-nav-logo.svg', '11223-445', 'Rua XV de Novembro, 500', 'Piso Térreo', 'Curitiba', 'PR', 'Brasil', 12.00, 2, '(41) 98876-5432');

INSERT INTO public.categories (id, restaurant_id, name) VALUES
(1, 1, 'Pizzas'),
(2, 1, 'Bebidas'),
(3, 1, 'Sobremesas'),
(4, 1, 'Aperitivos'),
(5, 1, 'Massas'),
(6, 2, 'Burgers'),
(7, 2, 'Bebidas'),
(8, 2, 'Aperitivos'),
(9, 2, 'Sobremesas'),
(10, 2, 'Saladas'),
(11, 3, 'Sanduíches'),
(12, 3, 'Bebidas'),
(13, 3, 'Aperitivos'),
(14, 3, 'Sobremesas'),
(15, 3, 'Saladas'),
(16, 4, 'Burgers'),
(17, 4, 'Bebidas'),
(18, 4, 'Aperitivos'),
(19, 4, 'Sobremesas'),
(20, 4, 'Café'),
(21, 5, 'Cafés'),
(22, 5, 'Bebidas Geladas'),
(23, 5, 'Bolos e Doces'),
(24, 5, 'Sanduíches'),
(25, 5, 'Chás');

INSERT INTO public.products (id, category_id, name, description, price, image) VALUES
(1, 1, 'Pizza Margherita', 'Pizza de molho de tomate, mussarela e manjericão', 29.90, 'https://static.ifood-static.com.br/image/upload/t_medium/pratos/70a9b38f-7ec0-442c-9ec3-6e397f6065d9/202407181631_8R10_i.jpg?imwidth=256'),
(2, 1, 'Pizza Calabresa', 'Pizza de calabresa com cebola', 32.90, 'https://static.ifood-static.com.br/image/upload/t_medium/pratos/c46fbdca-314e-4791-a544-6452e29c6d99/202402090042_X812_i.jpg?imwidth=256'),
(3, 1, 'Pizza 4 Queijos', 'Pizza com quatro tipos de queijo', 35.90, 'https://static.ifood-static.com.br/image/upload/t_medium/pratos/20b09f95-da12-4c16-9e5e-5af67541d3cd/202310142139_RB4N_i.jpg?imwidth=256'),
(4, 1, 'Pizza Frango com Catupiry', 'Pizza de frango desfiado e catupiry', 36.90, 'https://static.ifood-static.com.br/image/upload/t_medium/pratos/b07ff067-fc18-421c-8f20-75ad19a3b71a/202405150339_G340_i.jpg?imwidth=256'),
(5, 1, 'Pizza Portuguesa', 'Pizza com presunto, ovos e azeitonas', 37.90, 'https://static.ifood-static.com.br/image/upload/t_medium/pratos/087d8579-56c1-4c96-8e32-aff17c646658/202210232252_KO3M_i.jpg?imwidth=256'),
(6, 2, 'Refrigerante Coca-Cola', 'Coca-Cola lata 350ml', 4.50, 'https://static.ifood-static.com.br/image/upload/t_medium/pratos/820af392-002c-47b1-bfae-d7ef31743c7f/202210192321_sna79adqiqa.jpg?imwidth=256'),
(7, 2, 'Suco Natural', 'Suco de laranja natural', 6.00, 'https://static.ifood-static.com.br/image/upload/t_medium/pratos/35e575d6-3070-4978-9f7c-968b1dd0647e/202102041608_JI65_.jpeg?imwidth=256'),
(8, 2, 'Água Mineral', 'Água mineral com gás', 3.00, 'https://static.ifood-static.com.br/image/upload/t_medium/pratos/f9d411dd-09fc-478d-952a-8ed8c71d19e6/202207091748_5R48_i.jpg?imwidth=256'),
(9, 2, 'Refrigerante Guaraná', 'Guaraná lata 350ml', 4.50, 'https://static.ifood-static.com.br/image/upload/t_medium/pratos/f5f54346-7ed5-44f0-9271-ce0fd03d627a/202406261130_4473_i.jpg?imwidth=256'),
(10, 2, 'Cerveja', 'Cerveja Heineken 350ml', 7.00, 'https://static.ifood-static.com.br/image/upload/t_medium/pratos/820af392-002c-47b1-bfae-d7ef31743c7f/202210182346_tqud55dpmvg.jpg?imwidth=256'),
(11, 3, 'Torta de Limão', 'Torta de limão com chantilly', 14.90, 'https://static.ifood-static.com.br/image/upload/t_medium/pratos/3545adda-590a-401d-afc8-f363a6366107/202312311036_H8M5_i.jpg?imwidth=256'),
(12, 3, 'Brownie', 'Brownie de chocolate com sorvete', 12.90, 'https://static.ifood-static.com.br/image/upload/t_medium/pratos/09cfe407-31dd-4617-a551-dbf87c1be342/202103231605_3dz1639y9eb.png?imwidth=256'),
(13, 3, 'Cheesecake', 'Cheesecake com frutas vermelhas', 15.90, 'https://static.ifood-static.com.br/image/upload/t_medium/pratos/d533ad3b-3652-433a-9a9e-a95e211d381d/202410251524_d2e2bn9x8e.png?imwidth=256'),
(14, 3, 'Mousse de Chocolate', 'Mousse de chocolate com calda quente', 11.90, 'https://static.ifood-static.com.br/image/upload/t_medium/pratos/c000932b-9491-464d-a693-378d9681e932/202409202320_3171_i.jpg?imwidth=256'),
(15, 3, 'Pudim', 'Pudim de leite condensado', 10.90, 'https://static.ifood-static.com.br/image/upload/t_medium/pratos/ba0d8d02-bf34-469e-be24-3c224971c065/202410152052_W20S_i.jpg?imwidth=256'),
(16, 4, 'Frango Frito', 'Frango frito crocante', 18.90, 'https://static.ifood-static.com.br/image/upload/t_medium/pratos/c0c41e4c-084d-4fcf-9a81-e00fff8d2e80/202206211658_zxuv83ixih8.png?imwidth=256'),
(17, 4, 'Batata Frita', 'Batatas fritas crocantes', 9.90, 'https://static.ifood-static.com.br/image/upload/t_medium/pratos/079c912f-cb67-48cd-a8e8-fe2cf1be3ee4/201805281917_44674651.jpg?imwidth=256'),
(18, 4, 'Onion Rings', 'Anéis de cebola empanados', 12.90, 'https://static.ifood-static.com.br/image/upload/t_medium/pratos/fe1f0612-cd22-431a-b961-747c851384c5/202101121806_r4fG_.jpeg?imwidth=256'),
(19, 4, 'Nachos', 'Nachos com molho de queijo', 16.90, 'https://static.ifood-static.com.br/image/upload/t_medium/pratos/8240eee5-0f34-401e-b562-6342cbeb773e/202410221756_601I_i.jpg?imwidth=256'),
(20, 4, 'Palitos de Mozzarella', 'Palitos de mussarela empanados', 14.90, 'https://static.ifood-static.com.br/image/upload/t_medium/pratos/05375c71-9bc9-4d66-b6c5-7ad8245bde02/202406291834_807D_i.jpg?imwidth=256'),
(21, 5, 'Macarrão à Bolonhesa', 'Macarrão com molho bolonhesa e carne moída', 24.90, 'https://static.ifood-static.com.br/image/upload/t_medium/pratos/2e0be47e-162a-4301-a254-297690c99a84/202408031116_E7E8_i.jpg?imwidth=256'),
(22, 5, 'Lasanha de Frango', 'Lasanha com molho branco e frango desfiado', 27.90, 'https://static.ifood-static.com.br/image/upload/t_medium/pratos/dcae14d3-73c4-497d-857e-11c817a0aa3a/202411042024_58FI_i.jpg?imwidth=256'),
(23, 5, 'Espaguete ao Alho e Óleo', 'Espaguete ao alho e óleo com azeite', 19.90, 'https://static.ifood-static.com.br/image/upload/t_medium/pratos/2713d9bf-9cc1-4c98-952b-5dbca59a56eb/202304091430_M28H_i.jpg?imwidth=256'),
(24, 5, 'Fettuccine Alfredo', 'Fettuccine com molho Alfredo cremoso', 26.90, 'https://static.ifood-static.com.br/image/upload/t_medium/pratos/a2ae0f4d-1d71-41a0-9581-a91d4e4f28d5/202405021900_tcr1fp3b5qq.png?imwidth=256'),
(25, 5, 'Macarrão ao Pesto', 'Macarrão com molho pesto de manjericão', 22.90, 'https://static.ifood-static.com.br/image/upload/t_medium/pratos/2e0be47e-162a-4301-a254-297690c99a84/202408031116_E7E8_i.jpg?imwidth=256'),
(26, 6, 'Whopper', 'Hambúrguer de carne bovina com queijo e molho especial', 22.90, 'https://static.ifood-static.com.br/image/upload/t_medium/pratos/67a7522c-d8c1-4184-9b6c-d604ef6aee50/202305100242_18T5_i.jpg?imwidth=256'),
(27, 6, 'Cheese Burger', 'Hambúrguer com queijo cheddar', 18.90, 'https://static.ifood-static.com.br/image/upload/t_medium/pratos/67a7522c-d8c1-4184-9b6c-d604ef6aee50/202305100242_18T5_i.jpg?imwidth=256'),
(28, 6, 'Bacon Burger', 'Hambúrguer com bacon crocante', 20.90, 'https://static.ifood-static.com.br/image/upload/t_medium/pratos/67a7522c-d8c1-4184-9b6c-d604ef6aee50/202305100242_18T5_i.jpg?imwidth=256'),
(29, 6, 'Veggie Burger', 'Hambúrguer vegetariano com molho especial', 19.90, 'https://static.ifood-static.com.br/image/upload/t_medium/pratos/67a7522c-d8c1-4184-9b6c-d604ef6aee50/202305100242_18T5_i.jpg?imwidth=256'),
(30, 6, 'Chicken Burger', 'Hambúrguer de frango empanado', 21.90, 'https://static.ifood-static.com.br/image/upload/t_medium/pratos/67a7522c-d8c1-4184-9b6c-d604ef6aee50/202305100242_18T5_i.jpg?imwidth=256'),
(31, 7, 'Refrigerante Coca-Cola', 'Coca-Cola lata 350ml', 4.50, 'https://static.ifood-static.com.br/image/upload/t_medium/pratos/820af392-002c-47b1-bfae-d7ef31743c7f/202210192321_sna79adqiqa.jpg?imwidth=256'),
(32, 7, 'Suco de Laranja', 'Suco de laranja natural', 6.00, 'https://static.ifood-static.com.br/image/upload/t_medium/pratos/35e575d6-3070-4978-9f7c-968b1dd0647e/202102041608_JI65_.jpeg?imwidth=256'),
(33, 7, 'Refrigerante Guaraná', 'Guaraná lata 350ml', 4.50, 'https://static.ifood-static.com.br/image/upload/t_medium/pratos/f5f54346-7ed5-44f0-9271-ce0fd03d627a/202406261130_4473_i.jpg?imwidth=256'),
(34, 7, 'Água Mineral', 'Água mineral com gás', 3.00, 'https://static.ifood-static.com.br/image/upload/t_medium/pratos/f9d411dd-09fc-478d-952a-8ed8c71d19e6/202207091748_5R48_i.jpg?imwidth=256'),
(35, 7, 'Milkshake', 'Milkshake de chocolate', 8.00, 'https://static.ifood-static.com.br/image/upload/t_medium/pratos/27c2c97f-a7d6-40f1-8fbb-87815a498ec6/202401201947_1SNQ_i.jpg?imwidth=256'),
(36, 8, 'Onion Rings', 'Anéis de cebola empanados', 12.90, 'https://static.ifood-static.com.br/image/upload/t_medium/pratos/fe1f0612-cd22-431a-b961-747c851384c5/202101121806_r4fG_.jpeg?imwidth=256'),
(37, 8, 'Batata Frita', 'Batatas fritas crocantes', 9.90, 'https://static.ifood-static.com.br/image/upload/t_medium/pratos/079c912f-cb67-48cd-a8e8-fe2cf1be3ee4/201805281917_44674651.jpg?imwidth=256'),
(38, 8, 'Chicken Nuggets', 'Nuggets de frango empanados', 15.90, 'https://static.ifood-static.com.br/image/upload/t_medium/pratos/c0c41e4c-084d-4fcf-9a81-e00fff8d2e80/202206211658_zxuv83ixih8.png?imwidth=256'),
(39, 8, 'Cheddar Bites', 'Bolinho de queijo cheddar', 13.90, 'https://static.ifood-static.com.br/image/upload/t_medium/pratos/e0595ddc-7ef1-441a-8506-4b565244497b/202203062032_H5E8_i.jpg?imwidth=256'),
(40, 8, 'Cheese Sticks', 'Palitos de queijo empanados', 11.90, 'https://static.ifood-static.com.br/image/upload/t_medium/pratos/9bf5e88f-4c2a-4c08-8432-c0fd7b541bb6/202409092143_51JP_i.jpg?imwidth=256'),
(41, 9, 'Sundae de Morango', 'Sundae de morango com calda', 9.90, 'https://static.ifood-static.com.br/image/upload/t_medium/pratos/dfee3f85-f950-420a-8634-f13ac0ace7b7/202410220458_r7297134q1.png?imwidth=256'),
(42, 9, 'Torta de Maçã', 'Torta de maçã quentinha', 7.90, 'https://static.ifood-static.com.br/image/upload/t_medium/pratos/7078f4d5-6d89-4387-9a13-9bf8d1e1b7af/202409240430_mfgcmgembf.png?imwidth=256'),
(43, 9, 'Milkshake de Morango', 'Milkshake de morango', 8.00, 'https://static.ifood-static.com.br/image/upload/t_medium/pratos/27c2c97f-a7d6-40f1-8fbb-87815a498ec6/202401201947_1SNQ_i.jpg?imwidth=256'),
(44, 9, 'Brownie', 'Brownie com calda de chocolate', 6.90, 'https://static.ifood-static.com.br/image/upload/t_medium/pratos/09cfe407-31dd-4617-a551-dbf87c1be342/202103231605_3dz1639y9eb.png?imwidth=256'),
(45, 9, 'Mousse de Chocolate', 'Mousse de chocolate com creme', 5.90, 'https://static.ifood-static.com.br/image/upload/t_medium/pratos/c000932b-9491-464d-a693-378d9681e932/202409202320_3171_i.jpg?imwidth=256'),
(46, 10, 'Salada Caesar', 'Salada com molho Caesar e frango grelhado', 18.90, 'https://static.ifood-static.com.br/image/upload/t_medium/pratos/c0c41e4c-084d-4fcf-9a81-e00fff8d2e80/202302122300_ETT1_i.jpg?imwidth=256'),
(47, 10, 'Salada Caprese', 'Salada de tomate, mussarela e manjericão', 16.90, 'https://static.ifood-static.com.br/image/upload/t_medium/pratos/c0c41e4c-084d-4fcf-9a81-e00fff8d2e80/202302122300_ETT1_i.jpg?imwidth=256'),
(48, 10, 'Salada de Frutas', 'Salada de frutas variadas', 14.90, 'https://static.ifood-static.com.br/image/upload/t_medium/pratos/c0c41e4c-084d-4fcf-9a81-e00fff8d2e80/202302122300_ETT1_i.jpg?imwidth=256'),
(49, 10, 'Salada Verde', 'Salada com alface, rúcula e molho balsâmico', 12.90, 'imahttps://static.ifood-static.com.br/image/upload/t_medium/pratos/c0c41e4c-084d-4fcf-9a81-e00fff8d2e80/202302122300_ETT1_i.jpg?imwidth=256ge_here'),
(50, 10, 'Salada Grega', 'Salada com queijo feta e azeitonas', 15.90, 'https://static.ifood-static.com.br/image/upload/t_medium/pratos/c0c41e4c-084d-4fcf-9a81-e00fff8d2e80/202302122300_ETT1_i.jpg?imwidth=256'),
(51, 11, 'Sub Italiano', 'Sanduíche com salame, presunto e queijo', 22.90, 'https://static.ifood-static.com.br/image/upload/t_medium/pratos/6092f224-2d2a-4e2a-b10a-3f7ef8ea9aa7/202407060337_30B6_i.jpg?imwidth=256'),
(52, 11, 'Sub Frango', 'Sanduíche de frango grelhado com molho de mostarda', 21.90, 'https://static.ifood-static.com.br/image/upload/t_medium/pratos/37957fd3-e60f-4da5-86a8-3b2ab0f14df0/202302041940_44I2_i.jpg?imwidth=256'),
(53, 11, 'Sub Vegetariano', 'Sanduíche com vegetais grelhados e molho de iogurte', 19.90, 'https://static.ifood-static.com.br/image/upload/t_medium/pratos/37957fd3-e60f-4da5-86a8-3b2ab0f14df0/202302041940_44I2_i.jpg?imwidth=256'),
(54, 11, 'Sub Carne', 'Sanduíche com carne bovina e molho barbecue', 24.90, 'https://static.ifood-static.com.br/image/upload/t_medium/pratos/37957fd3-e60f-4da5-86a8-3b2ab0f14df0/202302041940_44I2_i.jpg?imwidth=256'),
(55, 11, 'Sub Atum', 'Sanduíche com atum e maionese', 20.90, 'https://static.ifood-static.com.br/image/upload/t_medium/pratos/37957fd3-e60f-4da5-86a8-3b2ab0f14df0/202302041940_44I2_i.jpg?imwidth=256'),
(56, 12, 'Suco de Laranja', 'Suco natural de laranja', 6.00, 'https://static.ifood-static.com.br/image/upload/t_medium/pratos/35e575d6-3070-4978-9f7c-968b1dd0647e/202102041608_JI65_.jpeg?imwidth=256'),
(57, 12, 'Coca-Cola', 'Coca-Cola lata 350ml', 4.50, 'https://static.ifood-static.com.br/image/upload/t_medium/pratos/820af392-002c-47b1-bfae-d7ef31743c7f/202210192321_sna79adqiqa.jpg?imwidth=256'),
(58, 12, 'Água', 'Água mineral', 3.00, 'https://static.ifood-static.com.br/image/upload/t_medium/pratos/820af392-002c-47b1-bfae-d7ef31743c7f/202210192210_fe3wgjjd45e.jpg?imwidth=256'),
(59, 12, 'Refrigerante Guaraná', 'Guaraná lata 350ml', 4.50, 'https://static.ifood-static.com.br/image/upload/t_medium/pratos/f5f54346-7ed5-44f0-9271-ce0fd03d627a/202406261130_4473_i.jpg?imwidth=256'),
(60, 12, 'Chá Gelado', 'Chá gelado de pêssego', 5.50, 'https://static.ifood-static.com.br/image/upload/t_medium/pratos/4ac957c8-6b07-40f0-b03c-e01703619979/202102251044_J9b9_.jpeg?imwidth=256'),
(61, 13, 'Batata Frita', 'Batatas fritas crocantes', 9.90, 'https://static.ifood-static.com.br/image/upload/t_medium/pratos/079c912f-cb67-48cd-a8e8-fe2cf1be3ee4/201805281917_44674651.jpg?imwidth=256'),
(62, 13, 'Nuggets', 'Nuggets de frango', 12.90, 'https://static.ifood-static.com.br/image/upload/t_medium/pratos/c0c41e4c-084d-4fcf-9a81-e00fff8d2e80/202206211658_zxuv83ixih8.png?imwidth=256'),
(63, 13, 'Onion Rings', 'Anéis de cebola empanados', 10.90, 'https://static.ifood-static.com.br/image/upload/t_medium/pratos/fe1f0612-cd22-431a-b961-747c851384c5/202101121806_r4fG_.jpeg?imwidth=256'),
(64, 13, 'Churros', 'Churros com doce de leite', 7.90, 'https://static.ifood-static.com.br/image/upload/t_medium/pratos/bf10191d-cef3-484e-a8a4-6ee5ab74170d/202210071702_IHF4_i.jpg?imwidth=256'),
(65, 13, 'Palitos de Queijo', 'Palitos de queijo empanados', 11.90, 'https://static.ifood-static.com.br/image/upload/t_medium/pratos/9bf5e88f-4c2a-4c08-8432-c0fd7b541bb6/202409092143_51JP_i.jpg?imwidth=256'),
(66, 14, 'Brownie', 'Brownie de chocolate', 9.90, 'https://static.ifood-static.com.br/image/upload/t_medium/pratos/09cfe407-31dd-4617-a551-dbf87c1be342/202103231605_3dz1639y9eb.png?imwidth=256'),
(67, 14, 'Torta de Maçã', 'Torta de maçã com canela', 8.90, 'https://static.ifood-static.com.br/image/upload/t_medium/pratos/7078f4d5-6d89-4387-9a13-9bf8d1e1b7af/202409240430_mfgcmgembf.png?imwidth=256'),
(68, 14, 'Mousse de Chocolate', 'Mousse de chocolate com creme', 7.90, 'https://static.ifood-static.com.br/image/upload/t_medium/pratos/c000932b-9491-464d-a693-378d9681e932/202409202320_3171_i.jpg?imwidth=256'),
(69, 14, 'Cheesecake', 'Cheesecake de frutas vermelhas', 12.90, 'https://static.ifood-static.com.br/image/upload/t_medium/pratos/d533ad3b-3652-433a-9a9e-a95e211d381d/202410251524_d2e2bn9x8e.png?imwidth=256'),
(70, 14, 'Milkshake de Morango', 'Milkshake de morango', 8.00, 'https://static.ifood-static.com.br/image/upload/t_medium/pratos/27c2c97f-a7d6-40f1-8fbb-87815a498ec6/202401201947_1SNQ_i.jpg?imwidth=256'),
(71, 15, 'Salada Caesar', 'Salada com peito de frango grelhado', 16.90, 'https://static.ifood-static.com.br/image/upload/t_medium/pratos/c0c41e4c-084d-4fcf-9a81-e00fff8d2e80/202302122300_ETT1_i.jpg?imwidth=256'),
(72, 15, 'Salada de Frango', 'Salada com peito de frango e molho Caesar', 18.90, 'https://static.ifood-static.com.br/image/upload/t_medium/pratos/c0c41e4c-084d-4fcf-9a81-e00fff8d2e80/202302122300_ETT1_i.jpg?imwidth=256'),
(73, 15, 'Salada Veggie', 'Salada com vegetais frescos', 14.90, 'https://static.ifood-static.com.br/image/upload/t_medium/pratos/c0c41e4c-084d-4fcf-9a81-e00fff8d2e80/202302122300_ETT1_i.jpg?imwidth=256'),
(74, 15, 'Salada Mediterrânea', 'Salada com tomate, pepino e queijo feta', 17.90, 'https://static.ifood-static.com.br/image/upload/t_medium/pratos/c0c41e4c-084d-4fcf-9a81-e00fff8d2e80/202302122300_ETT1_i.jpg?imwidth=256'),
(75, 15, 'Salada Tropical', 'Salada com frutas e alface', 15.90, 'https://static.ifood-static.com.br/image/upload/t_medium/pratos/c0c41e4c-084d-4fcf-9a81-e00fff8d2e80/202302122300_ETT1_i.jpg?imwidth=256'),
(76, 16, 'Big Mac', 'Hambúrguer com duas carnes, queijo e molho especial', 21.90, 'https://static.ifood-static.com.br/image/upload/t_medium/pratos/67a7522c-d8c1-4184-9b6c-d604ef6aee50/202305100242_18T5_i.jpg?imwidth=256'),
(77, 16, 'Cheeseburger', 'Hambúrguer com queijo cheddar', 16.90, 'https://static.ifood-static.com.br/image/upload/t_medium/pratos/67a7522c-d8c1-4184-9b6c-d604ef6aee50/202305100242_18T5_i.jpg?imwidth=256'),
(78, 16, 'McChicken', 'Hambúrguer de frango empanado', 18.90, 'https://static.ifood-static.com.br/image/upload/t_medium/pratos/67a7522c-d8c1-4184-9b6c-d604ef6aee50/202305100242_18T5_i.jpg?imwidth=256'),
(79, 16, 'McFish', 'Hambúrguer de peixe empanado', 19.90, 'https://static.ifood-static.com.br/image/upload/t_medium/pratos/67a7522c-d8c1-4184-9b6c-d604ef6aee50/202305100242_18T5_i.jpg?imwidth=256'),
(80, 16, 'Hamburguer Simples', 'Hambúrguer de carne simples', 15.90, 'https://static.ifood-static.com.br/image/upload/t_medium/pratos/67a7522c-d8c1-4184-9b6c-d604ef6aee50/202305100242_18T5_i.jpg?imwidth=256'),
(81, 17, 'Coca-Cola', 'Coca-Cola lata 350ml', 4.50, 'https://static.ifood-static.com.br/image/upload/t_medium/pratos/820af392-002c-47b1-bfae-d7ef31743c7f/202210192321_sna79adqiqa.jpg?imwidth=256'),
(82, 17, 'Fanta', 'Fanta Laranja lata 350ml', 4.50, 'https://static.ifood-static.com.br/image/upload/t_medium/pratos/820af392-002c-47b1-bfae-d7ef31743c7f/202210211307_zym9dpas7in.jpg?imwidth=256'),
(83, 17, 'Água', 'Água Mineral 350ml', 3.00, 'https://static.ifood-static.com.br/image/upload/t_medium/pratos/820af392-002c-47b1-bfae-d7ef31743c7f/202210192210_fe3wgjjd45e.jpg?imwidth=256'),
(84, 17, 'Milkshake de Morango', 'Milkshake de morango', 8.00, 'https://static.ifood-static.com.br/image/upload/t_medium/pratos/27c2c97f-a7d6-40f1-8fbb-87815a498ec6/202401201947_1SNQ_i.jpg?imwidth=256'),
(85, 17, 'Café', 'Café expresso', 5.00, 'https://static.ifood-static.com.br/image/upload/t_medium/pratos/dea3d0ea-1172-41d3-8afe-b186818efafb/202412090148_BJ9U_.jpeg?imwidth=256'),
(86, 18, 'Batata Frita', 'Batatas fritas crocantes', 7.90, 'https://static.ifood-static.com.br/image/upload/t_medium/pratos/079c912f-cb67-48cd-a8e8-fe2cf1be3ee4/201805281917_44674651.jpg?imwidth=256'),
(87, 18, 'Onion Rings', 'Anéis de cebola empanados', 10.90, 'https://static.ifood-static.com.br/image/upload/t_medium/pratos/fe1f0612-cd22-431a-b961-747c851384c5/202101121806_r4fG_.jpeg?imwidth=256'),
(88, 18, 'Nuggets', 'Nuggets de frango', 12.90, 'https://static.ifood-static.com.br/image/upload/t_medium/pratos/c0c41e4c-084d-4fcf-9a81-e00fff8d2e80/202206211658_zxuv83ixih8.png?imwidth=256'),
(89, 18, 'Cheddar Bites', 'Bolinho de queijo cheddar', 11.90, 'https://static.ifood-static.com.br/image/upload/t_medium/pratos/e0595ddc-7ef1-441a-8506-4b565244497b/202203062032_H5E8_i.jpg?imwidth=256'),
(90, 18, 'Cheese Sticks', 'Palitos de queijo empanados', 9.90, 'https://static.ifood-static.com.br/image/upload/t_medium/pratos/9bf5e88f-4c2a-4c08-8432-c0fd7b541bb6/202409092143_51JP_i.jpg?imwidth=256'),
(91, 19, 'Sundae de Chocolate', 'Sundae com calda de chocolate', 8.90, 'https://static.ifood-static.com.br/image/upload/t_medium/pratos/dfee3f85-f950-420a-8634-f13ac0ace7b7/202410220458_r7297134q1.png?imwidth=256'),
(92, 19, 'Torta de Maçã', 'Torta de maçã quentinha', 6.90, 'https://static.ifood-static.com.br/image/upload/t_medium/pratos/7078f4d5-6d89-4387-9a13-9bf8d1e1b7af/202409240430_mfgcmgembf.png?imwidth=256'),
(93, 19, 'Brownie', 'Brownie de chocolate', 7.90, 'https://static.ifood-static.com.br/image/upload/t_medium/pratos/09cfe407-31dd-4617-a551-dbf87c1be342/202103231605_3dz1639y9eb.png?imwidth=256'),
(94, 19, 'Mousse de Morango', 'Mousse de morango com creme', 6.00, 'https://static.ifood-static.com.br/image/upload/t_medium/pratos/c000932b-9491-464d-a693-378d9681e932/202409202320_3171_i.jpg?imwidth=256'),
(95, 19, 'Cajuzinho', 'Doce de cajuzinho', 5.50, 'https://static.ifood-static.com.br/image/upload/t_medium/pratos/4df76f13-56a0-4333-9a4a-cf872be75a53/202401250951_N87L_i.jpg?imwidth=256'),
(96, 20, 'Café Expresso', 'Café expresso', 4.00, 'https://static.ifood-static.com.br/image/upload/t_medium/pratos/dea3d0ea-1172-41d3-8afe-b186818efafb/202412090148_BJ9U_.jpeg?imwidth=256'),
(97, 20, 'Cappuccino', 'Cappuccino cremoso', 6.00, 'https://static.ifood-static.com.br/image/upload/t_medium/pratos/3dfaf3de-b9af-47eb-aab9-e2e2d9f998c5/202411240955_W862_i.jpg?imwidth=256'),
(98, 20, 'Latte', 'Café latte', 6.50, 'https://static.ifood-static.com.br/image/upload/t_medium/pratos/dea3d0ea-1172-41d3-8afe-b186818efafb/202412090148_BJ9U_.jpeg?imwidth=256'),
(99, 20, 'Mocaccino', 'Mocaccino com chocolate', 7.00, 'https://static.ifood-static.com.br/image/upload/t_medium/pratos/23e5cd51-cd8a-4b20-814a-fd35b305fee3/202410150808_l9fo9qox2r.png?imwidth=256'),
(100, 20, 'Macchiato', 'Café macchiato', 5.50, 'https://static.ifood-static.com.br/image/upload/t_medium/pratos/dea3d0ea-1172-41d3-8afe-b186818efafb/202412090148_BJ9U_.jpeg?imwidth=256'),
(101, 21, 'Café Americano', 'Café preto forte e saboroso', 7.50, 'https://static.ifood-static.com.br/image/upload/t_medium/pratos/dea3d0ea-1172-41d3-8afe-b186818efafb/202412090148_BJ9U_.jpeg?imwidth=256'),
(102, 21, 'Cappuccino', 'Café com leite e espuma de leite', 8.90, 'https://static.ifood-static.com.br/image/upload/t_medium/pratos/dea3d0ea-1172-41d3-8afe-b186818efafb/202412090148_BJ9U_.jpeg?imwidth=256'),
(103, 21, 'Latte', 'Café com leite e um toque de baunilha', 9.50, 'https://static.ifood-static.com.br/image/upload/t_medium/pratos/dea3d0ea-1172-41d3-8afe-b186818efafb/202412090148_BJ9U_.jpeg?imwidth=256'),
(104, 21, 'Mocha', 'Café com chocolate e leite vaporizado', 10.50, 'https://static.ifood-static.com.br/image/upload/t_medium/pratos/dea3d0ea-1172-41d3-8afe-b186818efafb/202412090148_BJ9U_.jpeg?imwidth=256'),
(105, 21, 'Macchiato', 'Café expresso com espuma de leite', 8.00, 'https://static.ifood-static.com.br/image/upload/t_medium/pratos/dea3d0ea-1172-41d3-8afe-b186818efafb/202412090148_BJ9U_.jpeg?imwidth=256'),
(106, 22, 'Frappuccino de Morango', 'Bebida gelada com morango e creme', 12.50, 'https://static.ifood-static.com.br/image/upload/t_medium/pratos/2b5ef685-cbdd-4e2d-bfb3-aba06cf57a62/202408292250_D74X_i.jpg?imwidth=256'),
(107, 22, 'Frappuccino de Café', 'Bebida gelada de café com creme e gelo', 11.90, 'https://static.ifood-static.com.br/image/upload/t_medium/pratos/dea3d0ea-1172-41d3-8afe-b186818efafb/202412090148_BJ9U_.jpeg?imwidth=256'),
(108, 22, 'Frappuccino de Chocolate', 'Bebida gelada com chocolate e creme', 12.90, 'https://static.ifood-static.com.br/image/upload/t_medium/pratos/2b5ef685-cbdd-4e2d-bfb3-aba06cf57a62/202408292250_D74X_i.jpg?imwidth=256'),
(109, 22, 'Chilled Espresso', 'Espresso gelado com gelo e leite', 9.00, 'https://static.ifood-static.com.br/image/upload/t_medium/pratos/2b5ef685-cbdd-4e2d-bfb3-aba06cf57a62/202408292250_D74X_i.jpg?imwidth=256'),
(110, 22, 'Iced Latte', 'Café gelado com leite', 10.00, 'https://static.ifood-static.com.br/image/upload/t_medium/pratos/dea3d0ea-1172-41d3-8afe-b186818efafb/202412090148_BJ9U_.jpeg?imwidth=256'),
(111, 23, 'Bolo de Cenoura', 'Bolo de cenoura com cobertura de chocolate', 7.50, 'https://static.ifood-static.com.br/image/upload/t_medium/pratos/4df76f13-56a0-4333-9a4a-cf872be75a53/202411251738_R7I2_i.jpg?imwidth=256'),
(112, 23, 'Brownie de Chocolate', 'Brownie de chocolate com pedaços de nozes', 8.50, 'https://static.ifood-static.com.br/image/upload/t_medium/pratos/09cfe407-31dd-4617-a551-dbf87c1be342/202103231605_3dz1639y9eb.png?imwidth=256'),
(113, 23, 'Torta de Maçã', 'Torta de maçã com canela', 6.90, 'https://static.ifood-static.com.br/image/upload/t_medium/pratos/7078f4d5-6d89-4387-9a13-9bf8d1e1b7af/202409240430_mfgcmgembf.png?imwidth=256'),
(114, 23, 'Cookie de Chocolate', 'Cookie com pedaços generosos de chocolate', 5.50, 'https://static.ifood-static.com.br/image/upload/t_medium/pratos/e977c023-54f6-440d-988a-daf20b3ae6ca/202301031047_YY74_i.jpg?imwidth=256'),
(115, 23, 'Bolo de Limão', 'Bolo de limão com cobertura de glacê', 7.00, 'https://static.ifood-static.com.br/image/upload/t_medium/pratos/4df76f13-56a0-4333-9a4a-cf872be75a53/202411251738_R7I2_i.jpg?imwidth=256'),
(116, 24, 'Sanduíche de Frango com Abacate', 'Frango grelhado com abacate e pão integral', 14.90, 'https://static.ifood-static.com.br/image/upload/t_medium/pratos/37957fd3-e60f-4da5-86a8-3b2ab0f14df0/202302041940_44I2_i.jpg?imwidth=256'),
(117, 24, 'Sanduíche de Peito de Peru', 'Peito de peru com queijo e alface', 13.50, 'https://static.ifood-static.com.br/image/upload/t_medium/pratos/37957fd3-e60f-4da5-86a8-3b2ab0f14df0/202302041940_44I2_i.jpg?imwidth=256'),
(118, 24, 'Sanduíche Vegano', 'Sanduíche com legumes grelhados e molho pesto', 12.90, 'https://static.ifood-static.com.br/image/upload/t_medium/pratos/37957fd3-e60f-4da5-86a8-3b2ab0f14df0/202302041940_44I2_i.jpg?imwidth=256'),
(119, 24, 'Sanduíche de Presunto e Queijo', 'Presunto e queijo no pão crocante', 11.90, 'https://static.ifood-static.com.br/image/upload/t_medium/pratos/37957fd3-e60f-4da5-86a8-3b2ab0f14df0/202302041940_44I2_i.jpg?imwidth=256'),
(120, 24, 'Sanduíche de Queijo e Tomate', 'Queijo derretido e tomate fresco', 10.50, 'https://static.ifood-static.com.br/image/upload/t_medium/pratos/37957fd3-e60f-4da5-86a8-3b2ab0f14df0/202302041940_44I2_i.jpg?imwidth=256'),
(121, 25, 'Chá Preto', 'Chá preto tradicional', 5.50, 'https://static.ifood-static.com.br/image/upload/t_medium/pratos/4ac957c8-6b07-40f0-b03c-e01703619979/202102251044_J9b9_.jpeg?imwidth=256'),
(122, 25, 'Chá Verde', 'Chá verde com sabor suave', 6.00, 'https://static.ifood-static.com.br/image/upload/t_medium/pratos/4ac957c8-6b07-40f0-b03c-e01703619979/202102251044_J9b9_.jpeg?imwidth=256'),
(123, 25, 'Chá de Camomila', 'Chá calmante de camomila', 5.00, 'https://static.ifood-static.com.br/image/upload/t_medium/pratos/4ac957c8-6b07-40f0-b03c-e01703619979/202102251044_J9b9_.jpeg?imwidth=256'),
(124, 25, 'Chá de Hortelã', 'Chá refrescante de hortelã', 5.50, 'https://static.ifood-static.com.br/image/upload/t_medium/pratos/4ac957c8-6b07-40f0-b03c-e01703619979/202102251044_J9b9_.jpeg?imwidth=256'),
(125, 25, 'Chá de Frutas Vermelhas', 'Chá de frutas vermelhas com um toque doce', 6.50, 'https://static.ifood-static.com.br/image/upload/t_medium/pratos/4ac957c8-6b07-40f0-b03c-e01703619979/202102251044_J9b9_.jpeg?imwidth=256');

END;